{
    "flagged": true,
    "categories": {
        "sexual": false,
        "hate": false,
        "harassment": false,
        "self-harm": true,
        "sexual/minors": false,
        "hate/threatening": false,
        "violence/graphic": false,
        "self-harm/intent": true,
        "self-harm/instructions": true,
        "harassment/threatening": false,
        "violence": false
    },
    "category_scores": {
        "sexual": 2.263377064082306e-05,
        "hate": 4.771362728206441e-05,
        "harassment": 0.0009534808923490345,
        "self-harm": 0.9972620010375977,
        "sexual/minors": 1.1257417099841405e-05,
        "hate/threatening": 0.0002850715827662498,
        "violence/graphic": 0.0011016572825610638,
        "self-harm/intent": 0.9952606558799744,
        "self-harm/instructions": 0.6914540529251099,
        "harassment/threatening": 0.0006690822774544358,
        "violence": 0.010807493701577187
    },
    "kafka-topic": "auditing",
    "app-user": "Bhoomaiah",
    "application-name": "bhoomaiah_application"
}