{
    "flagged": false,
    "categories": {
        "sexual": false,
        "hate": false,
        "harassment": false,
        "self-harm": false,
        "sexual/minors": false,
        "hate/threatening": false,
        "violence/graphic": false,
        "self-harm/intent": false,
        "self-harm/instructions": false,
        "harassment/threatening": false,
        "violence": false
    },
    "category_scores": {
        "sexual": 3.743138586287387e-05,
        "hate": 0.00015166438242886215,
        "harassment": 3.95032657252159e-05,
        "self-harm": 5.739999764386994e-08,
        "sexual/minors": 2.042822598014027e-05,
        "hate/threatening": 5.142661393620074e-06,
        "violence/graphic": 5.487100861500949e-05,
        "self-harm/intent": 2.4400325315809823e-08,
        "self-harm/instructions": 1.5973617450981692e-07,
        "harassment/threatening": 1.661308601796918e-06,
        "violence": 9.92119312286377e-05
    },
    "kafka_topic": "auditing",
    "user": "Bhoomaiah",
    "application_name": "bhoomaiah_application"
}