{
    "flagged": false,
    "categories": {
        "sexual": false,
        "hate": false,
        "harassment": false,
        "self-harm": false,
        "sexual/minors": false,
        "hate/threatening": false,
        "violence/graphic": false,
        "self-harm/intent": false,
        "self-harm/instructions": false,
        "harassment/threatening": false,
        "violence": false
    },
    "category_scores": {
        "sexual": 0.0005627822829410434,
        "hate": 4.698118209489621e-05,
        "harassment": 0.00025385827757418156,
        "self-harm": 2.564655233072699e-06,
        "sexual/minors": 0.00013670575572177768,
        "hate/threatening": 9.977577519748593e-08,
        "violence/graphic": 4.74217313239933e-06,
        "self-harm/intent": 1.002759745460935e-06,
        "self-harm/instructions": 8.958394346336718e-07,
        "harassment/threatening": 7.497472438444674e-07,
        "violence": 1.4351005120261107e-05
    },
    "kafka-topic": "auditing",
    "app-user": "Vikram",
    "application-name": "vikram_application"
}