{
    "flagged": true,
    "categories": {
        "sexual": false,
        "hate": false,
        "harassment": false,
        "self-harm": true,
        "sexual/minors": false,
        "hate/threatening": false,
        "violence/graphic": false,
        "self-harm/intent": true,
        "self-harm/instructions": true,
        "harassment/threatening": false,
        "violence": false
    },
    "category_scores": {
        "sexual": 2.53134985541692e-05,
        "hate": 5.876781506231055e-05,
        "harassment": 0.0009504782501608133,
        "self-harm": 0.9974139928817749,
        "sexual/minors": 1.024445373332128e-05,
        "hate/threatening": 0.0002831055026035756,
        "violence/graphic": 0.0009551912662573159,
        "self-harm/intent": 0.9953505992889404,
        "self-harm/instructions": 0.6795194149017334,
        "harassment/threatening": 0.0007084705866873264,
        "violence": 0.010353943333029747
    },
    "kafka-topic": "auditing",
    "app-user": "Bhoomaiah",
    "application-name": "bhoomaiah_application"
}