{
    "flagged": false,
    "categories": {
        "sexual": false,
        "hate": false,
        "harassment": false,
        "self-harm": false,
        "sexual/minors": false,
        "hate/threatening": false,
        "violence/graphic": false,
        "self-harm/intent": false,
        "self-harm/instructions": false,
        "harassment/threatening": false,
        "violence": false
    },
    "category_scores": {
        "sexual": 3.6867008020635694e-05,
        "hate": 0.0001515189796919003,
        "harassment": 3.984905197285116e-05,
        "self-harm": 5.712029604865165e-08,
        "sexual/minors": 2.0032066458952613e-05,
        "hate/threatening": 5.0713360906229354e-06,
        "violence/graphic": 5.376304034143686e-05,
        "self-harm/intent": 2.3980057051176118e-08,
        "self-harm/instructions": 1.5337553804783965e-07,
        "harassment/threatening": 1.6524188595212763e-06,
        "violence": 9.874614625005051e-05
    },
    "kafka_topic": "auditing",
    "app_user": "Bhoomaiah",
    "application_name": "bhoomaiah_application"
}