{
    "flagged": true,
    "categories": {
        "sexual": false,
        "hate": false,
        "harassment": false,
        "self-harm": true,
        "sexual/minors": false,
        "hate/threatening": false,
        "violence/graphic": false,
        "self-harm/intent": true,
        "self-harm/instructions": true,
        "harassment/threatening": false,
        "violence": false
    },
    "category_scores": {
        "sexual": 2.409679291304201e-05,
        "hate": 5.306784078129567e-05,
        "harassment": 0.00100797472987324,
        "self-harm": 0.9972648620605469,
        "sexual/minors": 1.15710572572425e-05,
        "hate/threatening": 0.0003175314632244408,
        "violence/graphic": 0.0010866174707189202,
        "self-harm/intent": 0.9952208399772644,
        "self-harm/instructions": 0.6933454275131226,
        "harassment/threatening": 0.000728643499314785,
        "violence": 0.011173741891980171
    },
    "kafka-topic": "auditing",
    "app-user": "Bhoomaiah",
    "application-name": "bhoomaiah_application"
}