{
    "flagged": false,
    "categories": {
        "sexual": false,
        "hate": false,
        "harassment": false,
        "self-harm": false,
        "sexual/minors": false,
        "hate/threatening": false,
        "violence/graphic": false,
        "self-harm/intent": false,
        "self-harm/instructions": false,
        "harassment/threatening": false,
        "violence": false
    },
    "category_scores": {
        "sexual": 8.895903010852635e-05,
        "hate": 5.312454959494062e-05,
        "harassment": 2.7139323719893582e-05,
        "self-harm": 1.0151421520276926e-05,
        "sexual/minors": 2.0200463040964678e-05,
        "hate/threatening": 1.5141846461119712e-06,
        "violence/graphic": 2.0125298760831356e-05,
        "self-harm/intent": 3.6123722111369716e-06,
        "self-harm/instructions": 5.208873403717007e-07,
        "harassment/threatening": 9.0644334704848e-06,
        "violence": 0.002102545229718089
    },
    "kafka_topic": "auditing"
}